id,answer,acceptedVariants,letter,relation,modes,categories,wordDifficulty,clueFacil,clueIntermedio,clueAvanzado,sourceName,sourceUrl
general-sabana,sábana,sabana,S,empieza,general,general,1,"Tela que se coloca sobre el colchón para cubrir la cama.","Pieza de lienzo que viste la cama y queda en contacto con quien duerme.","Cada uno de los paños que delimitan por arriba y por abajo el espacio destinado al descanso nocturno.",Diccionario de la lengua española,https://dle.rae.es/sábana
general-semaforo,semáforo,semaforo,S,empieza,general,general,1,"Aparato con luces de colores que ordena el tránsito.","Señal luminosa que regula el paso de vehículos y peatones.","Dispositivo de señalización vial cuya alternancia cromática concede o impide el avance.",Diccionario de la lengua española,https://dle.rae.es/semáforo
general-sendero,sendero,,S,empieza,general,general,1,"Camino estrecho que suele recorrerse a pie.","Senda pequeña formada en el campo o la montaña por el paso de personas o animales.","Vía angosta y generalmente no pavimentada que atraviesa un terreno natural.",Diccionario de la lengua española,https://dle.rae.es/sendero
general-serpiente,serpiente,,S,empieza,general,general,1,"Animal alargado y sin patas que se arrastra.","Reptil de cuerpo largo y cilíndrico que se desplaza mediante ondulaciones.","Ofidio cuya locomoción carece de extremidades y cuyo cuerpo está cubierto de escamas.",Diccionario de la lengua española,https://dle.rae.es/serpiente
general-silla,silla,,S,empieza,general,general,1,"Asiento con respaldo para una persona.","Mueble individual que normalmente tiene cuatro patas y sirve para sentarse.","Pieza de mobiliario provista de respaldo que sostiene a una sola persona en posición sedente.",Diccionario de la lengua española,https://dle.rae.es/silla
general-sombra,sombra,,S,empieza,general,general,1,"Zona oscura que produce un objeto al tapar la luz.","Imagen oscura proyectada sobre una superficie cuando un cuerpo bloquea una fuente luminosa.","Región de menor iluminación situada detrás de un cuerpo opaco respecto de la fuente de luz.",Diccionario de la lengua española,https://dle.rae.es/sombra
general-submarino,submarino,,S,empieza,general,general,1,"Barco capaz de navegar debajo del agua.","Embarcación diseñada para sumergirse y desplazarse bajo la superficie del mar.","Nave dotada de sistemas de inmersión y propulsión que le permiten operar a profundidad sin permanecer en la superficie.",Diccionario de la lengua española,https://dle.rae.es/submarino
general-subte,subte,,S,empieza,general,argentinismo,1,"En Argentina, tren que circula debajo de la ciudad.","Nombre argentino del ferrocarril metropolitano que recorre túneles bajo tierra.","Acortamiento rioplatense con el que se designa el transporte ferroviario urbano subterráneo.",Diccionario de la lengua española,https://dle.rae.es/subte
general-tambor,tambor,,T,empieza,general,general,1,"Instrumento musical que se golpea con las manos o baquetas.","Instrumento de percusión formado por una caja cilíndrica cubierta con una membrana tensa.","Membranófono cuyo sonido nace de la vibración de un parche extendido sobre una caja de resonancia.",Diccionario de la lengua española,https://dle.rae.es/tambor
general-teatro,teatro,,T,empieza,general,general,1,"Lugar donde se representan obras ante el público.","Edificio o sala con escenario destinado a espectáculos dramáticos.","Espacio escénico concebido para representar ante espectadores una acción mediante actores.",Diccionario de la lengua española,https://dle.rae.es/teatro
general-telefono,teléfono,telefono,T,empieza,general,general,1,"Aparato usado para hablar con alguien que está lejos.","Dispositivo que transmite voz y otros datos a distancia mediante una red.","Medio de telecomunicación que convierte el sonido en señales transmisibles y luego las restituye.",Diccionario de la lengua española,https://dle.rae.es/teléfono
general-tenedor,tenedor,,T,empieza,general,general,1,"Cubierto con dientes usado para pinchar comida.","Utensilio de mesa con un mango y varias púas para llevar alimentos a la boca.","Instrumento de mesa cuyos dientes paralelos permiten sujetar o separar porciones de alimento.",Diccionario de la lengua española,https://dle.rae.es/tenedor
general-tesoro,tesoro,,T,empieza,general,general,1,"Conjunto de objetos valiosos que suele estar escondido.","Riqueza de dinero, joyas u otros bienes guardada en un lugar seguro o secreto.","Acumulación de bienes preciosos cuyo valor o rareza motiva su custodia u ocultamiento.",Diccionario de la lengua española,https://dle.rae.es/tesoro
general-tunel,túnel,tunel,T,empieza,general,general,1,"Paso abierto bajo tierra o a través de una montaña.","Conducto subterráneo construido para que pasen vehículos, trenes o personas.","Obra excavada y cubierta que permite franquear un obstáculo sin atravesar su superficie.",Diccionario de la lengua española,https://dle.rae.es/túnel
general-tano,tano,,T,empieza,general,lunfardo|argentinismo,1,"En Argentina, manera coloquial de llamar a un italiano.","Apodo rioplatense aplicado a una persona nacida en Italia o de origen italiano.","Gentilicio popular argentino surgido por abreviación de napolitano y extendido a los italianos en general.",Diccionario de la lengua española,https://dle.rae.es/tano
general-trucho,trucho,,T,empieza,general,lunfardo|argentinismo,1,"En Argentina, algo falso o de mala calidad.","Adjetivo coloquial rioplatense para una cosa imitada, fraudulenta o poco confiable.","Voz argentina que desacredita la autenticidad o legitimidad de aquello a lo que califica.",Diccionario de la lengua española,https://dle.rae.es/trucho
general-umbral,umbral,,U,empieza,general,general,1,"Parte inferior de la entrada de una puerta.","Pieza o escalón que se cruza al pasar por una puerta y que marca el comienzo de un espacio.","Límite material o figurado cuya superación supone ingresar en otro ámbito o alcanzar un nivel.",Diccionario de la lengua española,https://dle.rae.es/umbral
general-unicornio,unicornio,,U,empieza,general,general,1,"Animal fantástico parecido a un caballo con un cuerno.","Criatura mitológica representada como un caballo blanco con un único cuerno en la frente.","Ser fabuloso cuya iconografía equina y asta frontal simbolizó tradicionalmente pureza y poder.",Diccionario de la lengua española,https://dle.rae.es/unicornio
general-uniforme,uniforme,,U,empieza,general,general,1,"Ropa igual que identifica a miembros de un grupo.","Conjunto de prendas reglamentarias que usan estudiantes, militares o trabajadores.","Indumentaria normalizada que hace reconocible la pertenencia institucional o el desempeño de una función.",Diccionario de la lengua española,https://dle.rae.es/uniforme
general-universo,universo,,U,empieza,general,general,1,"Conjunto de todo lo que existe, incluidas estrellas y planetas.","Totalidad del espacio, la materia, la energía y los cuerpos celestes.","Conjunto de cuanto tiene existencia física, considerado como un sistema regido por leyes cosmológicas.",Diccionario de la lengua española,https://dle.rae.es/universo
general-urna,urna,,U,empieza,general,general,1,"Caja donde se depositan los votos en una elección.","Recipiente cerrado con una abertura usado para introducir papeletas electorales.","Receptáculo que preserva el carácter secreto y el recuento posterior de los sufragios.",Diccionario de la lengua española,https://dle.rae.es/urna
general-urraca,urraca,,U,empieza,general,general,1,"Ave de plumaje blanco y negro conocida por tomar objetos brillantes.","Pájaro de la familia de los córvidos con cola larga y voz áspera.","Córvido de vistoso contraste blanco y negro al que la tradición atribuye afición por objetos relucientes.",Diccionario de la lengua española,https://dle.rae.es/urraca
general-utensilio,utensilio,,U,empieza,general,general,1,"Objeto que se usa para realizar una tarea.","Herramienta sencilla de uso manual destinada a una labor doméstica o profesional.","Objeto práctico cuyo diseño responde a una función concreta y facilita una actividad cotidiana.",Diccionario de la lengua española,https://dle.rae.es/utensilio
general-uva,uva,,U,empieza,general,general,1,"Fruta pequeña que crece en racimos y sirve para hacer vino.","Fruto redondo de la vid que puede comerse fresco, secarse o convertirse en vino.","Baya de la vid cuyo jugo fermentado constituye la materia prima de la elaboración vinícola.",Diccionario de la lengua española,https://dle.rae.es/uva
general-vacuna,vacuna,,V,empieza,general,general,1,"Preparación que ayuda al cuerpo a protegerse de una enfermedad.","Sustancia administrada para que el sistema inmunitario aprenda a combatir un agente infeccioso.","Preparado biológico que induce memoria inmunológica sin provocar normalmente la enfermedad que busca prevenir.",Diccionario de la lengua española,https://dle.rae.es/vacuna
general-valle,valle,,V,empieza,general,general,1,"Terreno bajo situado entre montañas.","Depresión alargada entre elevaciones por la que suele correr un río.","Accidente geográfico deprimido y longitudinal modelado frecuentemente por la erosión fluvial o glaciar.",Diccionario de la lengua española,https://dle.rae.es/valle
general-ventana,ventana,,V,empieza,general,general,1,"Abertura en una pared que deja entrar luz y aire.","Hueco generalmente acristalado que comunica el interior de un edificio con el exterior.","Vano practicado en un muro para proporcionar iluminación, ventilación y visibilidad.",Diccionario de la lengua española,https://dle.rae.es/ventana
general-vestido,vestido,,V,empieza,general,general,1,"Prenda de una sola pieza que cubre el cuerpo.","Ropa que reúne en una misma pieza la parte superior y la falda.","Prenda exterior enteriza cuyo corte integra la cobertura del torso y la porción que desciende desde la cintura.",Diccionario de la lengua española,https://dle.rae.es/vestido
general-viaje,viaje,,V,empieza,general,general,1,"Traslado de un lugar a otro, normalmente lejano.","Recorrido que una persona realiza hasta un destino y, a veces, de regreso.","Desplazamiento entre lugares separados que implica un trayecto y una permanencia temporal fuera del origen.",Diccionario de la lengua española,https://dle.rae.es/viaje
general-viento,viento,,V,empieza,general,general,1,"Aire que se mueve.","Corriente de aire producida por diferencias de presión en la atmósfera.","Movimiento de masas atmosféricas desde zonas de mayor presión hacia otras de menor presión.",Diccionario de la lengua española,https://dle.rae.es/viento
general-violin,violín,violin,V,empieza,general,general,1,"Instrumento de cuatro cuerdas que se toca con un arco.","Instrumento de cuerda pequeño que se apoya entre el hombro y la barbilla para tocarlo.","Cordófono agudo de la familia de arco cuya caja se sostiene bajo el mentón del intérprete.",Diccionario de la lengua española,https://dle.rae.es/violín
general-verso,verso,,V,empieza,general,lunfardo|argentinismo,1,"En Argentina, mentira o historia inventada para engañar.","En el habla coloquial argentina, discurso poco sincero usado para convencer a alguien.","Voz rioplatense que designa una explicación engañosa o una palabrería carente de verdad.",Diccionario de la lengua española,https://dle.rae.es/verso
