id,answer,acceptedVariants,letter,relation,modes,categories,wordDifficulty,clueInfantil,clueFacil,clueIntermedio,clueAvanzado,sourceName,sourceUrl
general-sostenible-mapa,mapa,,M,empieza,general,infantil|sostenible,1,"Dibujo que muestra dónde están ciudades, caminos, ríos y países.",Representación de un territorio que ayuda a ubicarse o planear recorridos.,Imagen a escala que sitúa elementos geográficos mediante símbolos convencionales.,"Representación cartográfica, plana y simplificada, de una superficie terrestre.",Diccionario de la lengua española,https://dle.rae.es/mapa
general-sostenible-mar,mar,,M,empieza,general,infantil|sostenible,1,Gran extensión de agua salada donde viven peces y ballenas.,Masa de agua salada menor que un océano y cercana a tierra.,"Parte del océano delimitada por costas, islas o accidentes submarinos.","Extensión acuática salina cuya dinámica incluye mareas, oleaje y corrientes.",Diccionario de la lengua española,https://dle.rae.es/mar
general-sostenible-mano,mano,,M,empieza,general,infantil|sostenible,1,Parte del cuerpo con cinco dedos que sirve para agarrar.,"Extremo del brazo humano usado para tocar, sostener y hacer cosas.","Órgano prensil compuesto por palma, dorso y dedos articulados.","Segmento distal de la extremidad superior, especializado en prensión y tacto.",Diccionario de la lengua española,https://dle.rae.es/mano
general-sostenible-mesa,mesa,,M,empieza,general,infantil|sostenible,1,Mueble con una tabla y patas para comer o trabajar.,Superficie elevada y horizontal donde se apoyan objetos o se realizan tareas.,Mueble formado normalmente por un tablero sostenido por uno o varios apoyos.,Pieza de mobiliario cuya función deriva de su plano horizontal sustentado.,Diccionario de la lengua española,https://dle.rae.es/mesa
general-sostenible-mono,mono,,M,empieza,general,infantil|sostenible,1,Animal peludo que trepa árboles y puede usar manos y pies.,"Primate generalmente ágil, de rostro poco saliente y hábitos arborícolas.","Nombre común de diversos primates, a menudo provistos de cola.",Término no taxonómico aplicado a primates simiformes distintos de los grandes simios.,Diccionario de la lengua española,https://dle.rae.es/mono
general-sostenible-moto,moto,,M,empieza,general,infantil|sostenible,1,Vehículo de dos ruedas con motor que se conduce sentado.,"Medio de transporte motorizado de dos ruedas, más ligero que un automóvil.",Vehículo automóvil dirigido mediante manillar y sostenido en marcha por equilibrio.,"Acortamiento coloquial de motocicleta, vehículo de propulsión mecánica y dos ruedas.",Diccionario de la lengua española,https://dle.rae.es/moto
general-sostenible-mochila,mochila,,M,empieza,general,infantil|sostenible,1,Bolsa con tirantes que se lleva colgada en la espalda.,Recipiente flexible para transportar objetos dejando libres las manos.,Bolsa de viaje o escolar sujeta a los hombros mediante correas.,Equipaje portátil diseñado para distribuir su carga sobre espalda y hombros.,Diccionario de la lengua española,https://dle.rae.es/mochila
general-sostenible-medalla,medalla,,M,empieza,general,infantil|sostenible,1,Pieza de metal que se entrega como premio por un logro.,"Distintivo redondo que conmemora una persona, hecho o victoria.","Objeto metálico acuñado, a menudo suspendido, concedido como premio o recuerdo.",Pieza conmemorativa sin valor monetario que porta inscripciones o imágenes en relieve.,Diccionario de la lengua española,https://dle.rae.es/medalla
general-sostenible-medico,médico,,M,empieza,general,infantil|sostenible,1,Persona que cura enfermos y ayuda a cuidar la salud.,"Profesional que examina pacientes, diagnostica enfermedades y prescribe tratamientos.","Especialista titulado en medicina, responsable de prevenir y tratar alteraciones de salud.",Facultativo autorizado para ejercer la medicina según conocimientos científicos y criterios clínicos.,Diccionario de la lengua española,https://dle.rae.es/m%C3%A9dico
general-sostenible-melon,melón,,M,empieza,general,infantil|sostenible,1,"Fruta grande, redonda y dulce, con muchas semillas adentro.",Fruto de corteza firme y pulpa jugosa que crece sobre una planta rastrera.,"Fruto de la melonera, pepónide aromático de la familia de las cucurbitáceas.","Baya modificada de Cucumis melo, cultivada en numerosas variedades hortícolas.",Diccionario de la lengua española,https://dle.rae.es/mel%C3%B3n
general-sostenible-merienda,merienda,,M,empieza,general,infantil|sostenible,1,Comida pequeña que se toma durante la tarde.,"Alimento ligero entre el almuerzo y la cena, especialmente entre niños.",Comida de poca cantidad tomada a media tarde o entre comidas principales.,Colación vespertina cuyo nombre también designa la acción de merendar.,Diccionario de la lengua española,https://dle.rae.es/merienda
general-sostenible-microfono,micrófono,,M,empieza,general,infantil|sostenible,1,Aparato que recoge la voz para que se escuche fuerte.,Dispositivo usado para grabar sonidos o transmitirlos por altavoces.,Transductor que convierte las ondas sonoras en una señal eléctrica.,Dispositivo electroacústico cuya membrana transforma variaciones de presión en señal.,Diccionario de la lengua española,https://dle.rae.es/micr%C3%B3fono
general-sostenible-miel,miel,,M,empieza,general,infantil|sostenible,1,Alimento dulce y pegajoso que fabrican las abejas.,Sustancia dorada producida con néctar y almacenada en los panales.,Producto elaborado por abejas al transformar y concentrar néctares vegetales.,"Solución sobresaturada de azúcares naturales, de origen apícola y propiedades higroscópicas.",Diccionario de la lengua española,https://dle.rae.es/miel
general-sostenible-mimo,mimo,,M,empieza,general,infantil|sostenible,1,Artista que cuenta algo con gestos y sin hablar.,"Intérprete que representa acciones mediante movimientos, expresiones y silencio.",Actor especializado en comunicar escenas usando únicamente lenguaje corporal.,Arte escénico de imitación y expresión corporal que prescinde de la palabra.,Diccionario de la lengua española,https://dle.rae.es/mimo
general-sostenible-molino,molino,,M,empieza,general,infantil|sostenible,1,Máquina que tritura granos para convertirlos en harina.,"Construcción con mecanismos movidos por viento, agua o electricidad para moler.","Ingenio que aprovecha una fuerza motriz para triturar, prensar o pulverizar materias.",Máquina transformadora asociada históricamente a energía eólica o hidráulica.,Diccionario de la lengua española,https://dle.rae.es/molino
general-sostenible-moneda,moneda,,M,empieza,general,infantil|sostenible,1,Pieza de dinero usada para pagar cosas pequeñas.,Disco de metal emitido oficialmente con un valor determinado.,Pieza acuñada que sirve como medio legal de intercambio y unidad de cuenta.,Signo monetario metálico garantizado por una autoridad emisora.,Diccionario de la lengua española,https://dle.rae.es/moneda
general-sostenible-morsa,morsa,,M,empieza,general,infantil|sostenible,1,Animal marino grande con bigotes y dos colmillos largos.,Mamífero del Ártico que descansa en hielo y nada con aletas.,"Pinnípedo robusto, de piel gruesa y caninos superiores convertidos en defensas.","Mamífero odobénido circumpolar, único representante viviente de su familia.",Diccionario de la lengua española,https://dle.rae.es/morsa
general-sostenible-mosquito,mosquito,,M,empieza,general,infantil|sostenible,1,"Insecto pequeño que vuela, zumba y puede picar.",Insecto de patas largas cuya hembra suele alimentarse de sangre.,"Díptero de cuerpo fino y trompa perforadora, con larvas acuáticas.",Insecto culícido capaz de actuar como vector biológico de diversas enfermedades.,Diccionario de la lengua española,https://dle.rae.es/mosquito
general-sostenible-muelle,muelle,,M,empieza,general,infantil|sostenible,1,Lugar junto al agua donde atracan barcos y suben pasajeros.,Construcción que avanza sobre un puerto para facilitar carga y desembarco.,Obra portuaria destinada al atraque de embarcaciones y movimiento de mercancías.,"Estructura ribereña equipada para operaciones de amarre, embarque y estiba.",Diccionario de la lengua española,https://dle.rae.es/muelle
general-sostenible-museo,museo,,M,empieza,general,infantil|sostenible,1,Lugar donde se guardan y muestran objetos importantes o antiguos.,Institución abierta al público que conserva y exhibe colecciones culturales.,"Entidad dedicada a adquirir, investigar, proteger y comunicar patrimonio material o inmaterial.",Institución permanente al servicio social que interpreta patrimonio con fines educativos.,Diccionario de la lengua española,https://dle.rae.es/museo
general-sostenible-nadar,nadar,,N,empieza,general,infantil|sostenible,1,"Moverse por el agua usando brazos, piernas o aletas.",Avanzar o mantenerse a flote mediante movimientos coordinados del cuerpo.,"Desplazarse en un líquido sin apoyo en el fondo, por propulsión corporal.",Ejecutar locomoción acuática venciendo resistencia y regulando flotación y respiración.,Diccionario de la lengua española,https://dle.rae.es/nadar
general-sostenible-naipe,naipe,,N,empieza,general,infantil|sostenible,1,Tarjeta de una baraja usada para jugar distintos juegos.,Cada cartulina ilustrada con número o figura que compone una baraja.,Carta rectangular marcada por palo y valor para juegos de azar o estrategia.,Lámina de cartulina perteneciente a un sistema convencional de palos y rangos.,Diccionario de la lengua española,https://dle.rae.es/naipe
general-sostenible-nata,nata,,N,empieza,general,infantil|sostenible,1,Capa cremosa que se forma sobre la leche.,"Parte grasa de la leche, usada para preparar postres y salsas.",Sustancia rica en grasa que se separa de la leche por reposo o centrifugación.,Emulsión láctea concentrada cuya materia grasa permite elaborar mantequilla.,Diccionario de la lengua española,https://dle.rae.es/nata
general-sostenible-naturaleza,naturaleza,,N,empieza,general,infantil|sostenible,1,"Conjunto de animales, plantas, montañas, ríos y otros seres.",Mundo físico no fabricado por las personas y sus fenómenos.,"Conjunto de seres y procesos del universo, especialmente los del ambiente terrestre.","Realidad material y sistema de leyes que rigen organismos, materia y energía.",Diccionario de la lengua española,https://dle.rae.es/naturaleza
general-sostenible-nave,nave,,N,empieza,general,infantil|sostenible,1,Vehículo grande que viaja por el mar o el espacio.,Embarcación o vehículo espacial preparado para transportar personas o carga.,"Construcción capaz de navegar; por extensión, artefacto destinado al espacio exterior.",Vehículo concebido para desplazarse en un medio acuático o extraterrestre.,Diccionario de la lengua española,https://dle.rae.es/nave
general-sostenible-navidad,navidad,,N,empieza,general,infantil|sostenible,1,Fiesta de diciembre que celebra el nacimiento de Jesús.,Celebración cristiana anual asociada al nacimiento de Jesucristo.,Festividad del 25 de diciembre y periodo cultural que la rodea.,"Solemnidad cristiana de la Natividad, incorporada también a tradiciones seculares.",Diccionario de la lengua española,https://dle.rae.es/navidad
general-sostenible-neceser,neceser,,N,empieza,general,infantil|sostenible,1,"Bolsa pequeña para guardar cepillo, jabón y cosas de aseo.",Estuche donde se llevan artículos personales de higiene durante un viaje.,Bolsa o caja portátil destinada a cosméticos y utensilios de tocador.,Galicismo lexicalizado que designa un estuche de objetos de uso personal.,Diccionario de la lengua española,https://dle.rae.es/neceser
general-sostenible-nectar,néctar,,N,empieza,general,infantil|sostenible,1,Jugo dulce de las flores que recogen las abejas.,Líquido azucarado producido por plantas para atraer animales polinizadores.,"Secreción vegetal rica en azúcares, localizada normalmente en estructuras florales.",Recompensa floral cuya composición influye en interacciones entre plantas y polinizadores.,Diccionario de la lengua española,https://dle.rae.es/n%C3%A9ctar
general-sostenible-neon,neón,,N,empieza,general,infantil|sostenible,1,Gas usado para producir luces brillantes de colores.,Elemento químico inerte que emite tono rojizo dentro de tubos eléctricos.,"Gas noble de número atómico diez, escaso en la atmósfera terrestre.","Elemento monoatómico del grupo 18, empleado en iluminación por descarga eléctrica.",Diccionario de la lengua española,https://dle.rae.es/ne%C3%B3n
general-sostenible-nervio,nervio,,N,empieza,general,infantil|sostenible,1,Cordón del cuerpo que lleva mensajes entre cerebro y órganos.,Haz de fibras que transmite sensaciones y órdenes por el organismo.,Estructura formada por axones que conduce impulsos entre el sistema nervioso y tejidos.,Fascículo periférico de fibras neuronales protegido por envolturas de tejido conjuntivo.,Diccionario de la lengua española,https://dle.rae.es/nervio
general-sostenible-neto,neto,,N,empieza,general,infantil|sostenible,1,Cantidad que queda después de quitar gastos o descuentos.,Valor limpio resultante tras restar deducciones al total bruto.,"Dicho de una magnitud, libre de pesos, impuestos o cantidades descontables.",Resultado económico o cuantitativo una vez compensados cargos y deducciones.,Diccionario de la lengua española,https://dle.rae.es/neto
general-sostenible-neumatico,neumático,,N,empieza,general,infantil|sostenible,1,Aro de goma lleno de aire que llevan las ruedas.,Cubierta flexible que permite al vehículo agarrarse y amortiguar golpes.,"Pieza toroidal de caucho montada en una llanta, generalmente inflada a presión.",Elemento rodante cuya carcasa y banda transmiten tracción y absorben irregularidades.,Diccionario de la lengua española,https://dle.rae.es/neum%C3%A1tico
general-sostenible-nieve,nieve,,N,empieza,general,infantil|sostenible,1,Agua congelada que cae del cielo en copos blancos.,Precipitación de pequeños cristales de hielo agrupados en copos.,Fenómeno meteorológico que ocurre cuando cristales atmosféricos alcanzan el suelo.,Hidrometeoro sólido cuya estructura cristalina depende de temperatura y humedad.,Diccionario de la lengua española,https://dle.rae.es/nieve
general-sostenible-nieto,nieto,,N,empieza,general,infantil|sostenible,1,Hijo o hija de uno de tus hijos.,Persona considerada respecto de sus abuelos dentro de una familia.,Descendiente de segundo grado en línea recta de una persona.,Pariente situado dos generaciones después del ascendiente tomado como referencia.,Diccionario de la lengua española,https://dle.rae.es/nieto
general-sostenible-ninfa,ninfa,,N,empieza,general,infantil|sostenible,1,Joven de la mitología que vivía en bosques o aguas.,Divinidad femenina menor que los antiguos griegos asociaban con la naturaleza.,"Ser mitológico femenino ligado a fuentes, montes, árboles u otros parajes.",Deidad grecolatina secundaria que personifica fuerzas o lugares naturales.,Diccionario de la lengua española,https://dle.rae.es/ninfa
general-sostenible-nivel,nivel,,N,empieza,general,infantil|sostenible,1,Altura a la que se encuentra algo comparado con otra cosa.,"Grado, posición o altura alcanzada dentro de una escala.",Valor que expresa una magnitud respecto de una referencia horizontal o jerárquica.,"Concepto comparativo aplicable a cotas físicas, intensidades y grados de organización.",Diccionario de la lengua española,https://dle.rae.es/nivel
general-sostenible-noble,noble,,N,empieza,general,infantil|sostenible,1,"Persona honrada, generosa y de buenos sentimientos.",Que actúa con dignidad y sin mezquindad; también perteneciente a la aristocracia.,Dicho de alguien ilustre por linaje o elevado por sus cualidades morales.,Adjetivo que vincula excelencia ética con una antigua categoría social hereditaria.,Diccionario de la lengua española,https://dle.rae.es/noble
general-sostenible-noche,noche,,N,empieza,general,infantil|sostenible,1,Tiempo oscuro entre la puesta y la salida del sol.,Parte del día en que el Sol queda debajo del horizonte.,Intervalo diario de oscuridad comprendido entre el ocaso y el amanecer.,Periodo determinado por la rotación terrestre en que un lugar no recibe luz solar directa.,Diccionario de la lengua española,https://dle.rae.es/noche
general-sostenible-nombre,nombre,,N,empieza,general,infantil|sostenible,1,Palabra que usamos para llamar a una persona o cosa.,Denominación que identifica a alguien o designa una clase de seres.,"Palabra o expresión con que se distingue una entidad y, en gramática, categoría nominal.",Signo lingüístico denominativo; puede funcionar como sustantivo propio o común.,Diccionario de la lengua española,https://dle.rae.es/nombre
general-sostenible-numero,número,,N,empieza,general,infantil|sostenible,1,Signo o idea que sirve para contar y ordenar.,"Concepto matemático que expresa cantidad, posición o identificación.",Entidad abstracta representada mediante cifras y utilizada en operaciones matemáticas.,"Objeto matemático cuyos distintos sistemas formalizan cardinalidad, orden y medida.",Diccionario de la lengua española,https://dle.rae.es/n%C3%BAmero
general-sostenible-acompanar,acompañar,,Ñ,contiene,general,infantil|sostenible,1,Ir junto a alguien para que no esté solo.,Estar o desplazarse en compañía de otra persona.,Participar junto a alguien o agregar algo que complete otra cosa.,"Hacer compañía, escoltar o concurrir simultáneamente con un elemento principal.",Diccionario de la lengua española,https://dle.rae.es/acompa%C3%B1ar
general-sostenible-anadir,añadir,,Ñ,contiene,general,infantil|sostenible,1,Poner algo más junto a lo que ya había.,Incorporar una cosa a otra para aumentarla o completarla.,"Agregar un elemento a un conjunto, cantidad o explicación existente.",Sumar o anexar una entidad sin sustituir la composición previa.,Diccionario de la lengua española,https://dle.rae.es/a%C3%B1adir
general-sostenible-anejo,añejo,,Ñ,contiene,general,infantil|sostenible,1,Que tiene muchos años y ha envejecido bien.,Dicho especialmente de alimentos o bebidas madurados durante bastante tiempo.,"Antiguo o madurado por el paso del tiempo, a veces con mejor calidad.",Envejecido deliberadamente para desarrollar cualidades; también anticuado o arraigado.,Diccionario de la lengua española,https://dle.rae.es/a%C3%B1ejo
general-sostenible-banera,bañera,,Ñ,contiene,general,infantil|sostenible,1,Recipiente grande donde una persona puede lavarse sentada.,Pieza del baño que se llena de agua para bañarse.,Depósito alargado y abierto destinado al baño corporal por inmersión.,"Instalación sanitaria cóncava, provista normalmente de desagüe y grifería.",Diccionario de la lengua española,https://dle.rae.es/ba%C3%B1era
general-sostenible-banista,bañista,,Ñ,contiene,general,infantil|sostenible,1,Persona que nada o se mete en el agua.,"Alguien que toma un baño en playa, piscina o balneario.","Persona que se baña, especialmente en un lugar público de recreo.","Usuario de una zona de baño, sujeto a sus condiciones de seguridad acuática.",Diccionario de la lengua española,https://dle.rae.es/ba%C3%B1ista
general-sostenible-cabana,cabaña,,Ñ,contiene,general,infantil|sostenible,1,Casa pequeña y sencilla construida en el campo.,"Vivienda rústica hecha comúnmente de madera, piedra o troncos.",Construcción humilde situada en un entorno rural o natural.,"Edificación rural de materiales simples, usada como vivienda o refugio temporal.",Diccionario de la lengua española,https://dle.rae.es/caba%C3%B1a
general-sostenible-castana,castaña,,Ñ,contiene,general,infantil|sostenible,1,Fruto marrón con cáscara dura que se come asado.,"Fruto comestible del castaño, protegido por una envoltura espinosa.",Nuez de pulpa harinosa que madura dentro del erizo del castaño.,"Fruto seco de Castanea, rico en almidón y pobre en grasa.",Diccionario de la lengua española,https://dle.rae.es/casta%C3%B1a
general-sostenible-ciguena,cigüeña,,Ñ,contiene,general,infantil|sostenible,1,Ave grande de patas largas y pico rojo.,Ave zancuda que hace nidos grandes en árboles y edificios altos.,"Ave migratoria de plumaje blanco y negro, cuello largo y vuelo planeado.","Ciconiforme de hábitos acuáticos, reconocible por sus largas extremidades y pico recto.",Diccionario de la lengua española,https://dle.rae.es/cig%C3%BCe%C3%B1a
general-sostenible-cumpleanos,cumpleaños,,Ñ,contiene,general,infantil|sostenible,1,Día en que alguien celebra otro año desde que nació.,Aniversario del nacimiento de una persona y fiesta que suele acompañarlo.,Fecha anual que recuerda un nacimiento y marca la edad cumplida.,"Conmemoración recurrente de la fecha natal, convertida socialmente en celebración personal.",Diccionario de la lengua española,https://dle.rae.es/cumplea%C3%B1os
general-sostenible-dano,daño,,Ñ,contiene,general,infantil|sostenible,1,Golpe o problema que lastima algo o alguien.,"Perjuicio que reduce la salud, el valor o el buen estado.","Efecto de deteriorar, lesionar o causar una pérdida material o moral.","Menoscabo sufrido por una persona o bien, susceptible incluso de reparación jurídica.",Diccionario de la lengua española,https://dle.rae.es/da%C3%B1o
general-sostenible-dueno,dueño,,Ñ,contiene,general,infantil|sostenible,1,Persona a quien pertenece una cosa o animal.,Quien posee algo y puede decidir legítimamente sobre ello.,Titular del dominio o propietario de un bien.,Persona física o jurídica que ejerce derechos de propiedad sobre una cosa.,Diccionario de la lengua española,https://dle.rae.es/due%C3%B1o
general-sostenible-enganar,engañar,,Ñ,contiene,general,infantil|sostenible,1,Hacer creer a alguien algo que no es verdad.,Ocultar o falsear la realidad para provocar una idea equivocada.,"Inducir deliberadamente a error mediante palabras, apariencias u omisiones.","Producir una representación falsa en otro, con intención o por apariencia ilusoria.",Diccionario de la lengua española,https://dle.rae.es/enga%C3%B1ar
general-sostenible-guinar,guiñar,,Ñ,contiene,general,infantil|sostenible,1,Cerrar un ojo rápidamente para enviar una señal.,Hacer un gesto breve cerrando un solo ojo.,"Cerrar momentáneamente un párpado, a menudo con intención cómplice.",Ejecutar una señal facial unilateral cuyo significado depende del contexto social.,Diccionario de la lengua española,https://dle.rae.es/gui%C3%B1ar
general-sostenible-manana,mañana,,Ñ,contiene,general,infantil|sostenible,1,Parte del día desde que amanece hasta el mediodía.,Primeras horas del día; también el día que sigue al actual.,"Periodo entre amanecer y mediodía, o adverbio referido al día siguiente.",Voz temporal que designa tanto una franja diurna como futuro inmediato.,Diccionario de la lengua española,https://dle.rae.es/ma%C3%B1ana
general-sostenible-mono-decorativo,moño,,Ñ,contiene,general,infantil|sostenible,1,Lazo o recogido que se hace con el cabello.,Peinado que reúne el pelo enrollándolo en la cabeza.,"Rodete de cabello y, por extensión, lazo decorativo de forma semejante.","Recogido capilar sujeto en forma compacta, con variantes funcionales y ornamentales.",Diccionario de la lengua española,https://dle.rae.es/mo%C3%B1o
general-sostenible-panal,pañal,,Ñ,contiene,general,infantil|sostenible,1,Prenda absorbente que usan los bebés para no ensuciarse.,Pieza que recoge la orina y las heces de quien no controla esfínteres.,Prenda desechable o lavable colocada entre las piernas con material absorbente.,Producto higiénico diseñado para retener excreciones y mantener seca la piel.,Diccionario de la lengua española,https://dle.rae.es/pa%C3%B1al
general-sostenible-pestana,pestaña,,Ñ,contiene,general,infantil|sostenible,1,Cada pelo que crece en el borde del párpado.,Fila de pelos que protege los ojos del polvo y partículas.,Pelo corto y curvo implantado en el margen palpebral.,Estructura pilosa sensorial que activa reflejos protectores al detectar cuerpos extraños.,Diccionario de la lengua española,https://dle.rae.es/pesta%C3%B1a
general-sostenible-senalar,señalar,,Ñ,contiene,general,infantil|sostenible,1,Mostrar algo apuntándolo con el dedo o una marca.,"Indicar una persona, lugar o dato para llamar la atención sobre él.","Hacer perceptible o destacar algo mediante gesto, signo o mención.","Designar, delimitar o fijar una referencia por medios visuales, verbales o convencionales.",Diccionario de la lengua española,https://dle.rae.es/se%C3%B1alar
general-sostenible-senor,señor,,Ñ,contiene,general,infantil|sostenible,1,Forma respetuosa de dirigirse a un hombre adulto.,Tratamiento de cortesía colocado ante el nombre o apellido de un varón.,Título respetuoso que también puede expresar dominio o autoridad.,Fórmula de tratamiento y sustantivo históricamente ligado a potestad y posesión.,Diccionario de la lengua española,https://dle.rae.es/se%C3%B1or
general-sostenible-vineta,viñeta,,Ñ,contiene,general,infantil|sostenible,1,Dibujo pequeño que forma parte de una historieta.,Cada recuadro ilustrado que muestra un momento de una narración gráfica.,Unidad narrativa delimitada de un cómic; también dibujo humorístico aislado.,"Espacio gráfico que articula imagen, texto y tiempo dentro de una secuencia visual.",Diccionario de la lengua española,https://dle.rae.es/vi%C3%B1eta
general-sostenible-obra,obra,,O,empieza,general,infantil|sostenible,1,"Trabajo terminado por una persona, como un libro, una pintura o una casa.","Resultado de una actividad en la que alguien crea, construye o arregla algo.",Creación material o artística producida mediante trabajo y habilidad.,"Producto de una actividad humana, especialmente una creación artística o una construcción.",Diccionario de la lengua española,https://dle.rae.es/obra
general-sostenible-obrero,obrero,,O,empieza,general,infantil|sostenible,1,Persona que trabaja construyendo o fabricando cosas.,Trabajador que realiza tareas manuales en una fábrica o una construcción.,Persona asalariada dedicada principalmente a un oficio manual.,Trabajador cuya labor transforma materiales o participa directamente en un proceso productivo.,Diccionario de la lengua española,https://dle.rae.es/obrero
general-sostenible-obstaculo,obstáculo,,O,empieza,general,infantil|sostenible,1,Algo que está en medio y hace difícil pasar o avanzar.,Dificultad o barrera que impide llegar fácilmente a una meta.,Elemento físico o problema que se interpone en un recorrido o proyecto.,"Impedimento que frena, limita o condiciona la realización de una acción.",Diccionario de la lengua española,https://dle.rae.es/obst%C3%A1culo
general-sostenible-oca,oca,,O,empieza,general,infantil|sostenible,1,"Ave parecida a un pato, pero más grande y con cuello largo.","Ave acuática doméstica de cuerpo grande, patas palmeadas y cuello alargado.",Nombre común de varias aves anseriformes emparentadas con gansos y patos.,"Ave de la familia de las anátidas, frecuentemente criada por su carne y sus plumas.",Diccionario de la lengua española,https://dle.rae.es/oca
general-sostenible-ocho,ocho,,O,empieza,general,infantil|sostenible,1,Número que viene después del siete y antes del nueve.,Cantidad formada por siete unidades más una.,Número natural que ocupa el lugar siguiente al siete.,Entero positivo par equivalente a dos elevado a la tercera potencia.,Diccionario de la lengua española,https://dle.rae.es/ocho
general-sostenible-oculista,oculista,,O,empieza,general,infantil|sostenible,1,Especialista que revisa y cuida la salud de los ojos.,Profesional de la medicina que diagnostica y trata problemas de la vista.,Médico especializado en las enfermedades del aparato visual.,"Nombre tradicional del oftalmólogo, especialista en anatomía y patologías oculares.",Diccionario de la lengua española,https://dle.rae.es/oculista
general-sostenible-oeste,oeste,,O,empieza,general,infantil|sostenible,1,Punto por donde parece esconderse el Sol al atardecer.,"Uno de los cuatro puntos cardinales, opuesto al este.",Dirección geográfica situada a la izquierda en los mapas orientados al norte.,Punto cardinal correspondiente aproximadamente al lugar del ocaso solar.,Diccionario de la lengua española,https://dle.rae.es/oeste
general-sostenible-olfato,olfato,,O,empieza,general,infantil|sostenible,1,Sentido que permite notar los olores con la nariz.,Capacidad de reconocer sustancias por el olor que desprenden.,Sentido químico que detecta partículas presentes en el aire.,Facultad sensorial ejercida por receptores nasales sensibles a moléculas volátiles.,Diccionario de la lengua española,https://dle.rae.es/olfato
general-sostenible-olimpiada,olimpiada,,O,empieza,general,infantil|sostenible,1,Gran competencia deportiva en la que participan atletas de muchos países.,Encuentro internacional de deportes que se celebra cada cuatro años.,Periodo y conjunto de competiciones vinculados con los Juegos Olímpicos.,Celebración deportiva mundial inspirada en los antiguos juegos de Olimpia.,Diccionario de la lengua española,https://dle.rae.es/olimpiada
general-sostenible-onda,onda,,O,empieza,general,infantil|sostenible,1,Curva que sube y baja como las que forma el agua.,Movimiento que se extiende llevando energía sin transportar toda la materia.,Perturbación que se propaga en un medio o incluso en el vacío.,"Fenómeno periódico de propagación caracterizado por amplitud, frecuencia y longitud.",Diccionario de la lengua española,https://dle.rae.es/onda
general-sostenible-operacion,operación,,O,empieza,general,infantil|sostenible,1,"Cuenta de matemáticas, como sumar, restar, multiplicar o dividir.",Acción organizada para lograr un resultado; también puede ser una intervención médica.,Procedimiento compuesto por pasos definidos para resolver una tarea.,"Ejecución metódica que transforma datos, objetos o condiciones iniciales.",Diccionario de la lengua española,https://dle.rae.es/operaci%C3%B3n
general-sostenible-orden,orden,,O,empieza,general,infantil|sostenible,1,Forma de colocar cada cosa en su sitio para encontrarla fácilmente.,Organización adecuada de elementos según una regla o un propósito.,Disposición regular que evita la confusión entre las partes de un conjunto.,"Estructura coherente establecida mediante criterios de sucesión, jerarquía o relación.",Diccionario de la lengua española,https://dle.rae.es/orden
general-sostenible-oreja,oreja,,O,empieza,general,infantil|sostenible,1,Parte visible a cada lado de la cabeza que ayuda a oír.,Órgano externo que recoge los sonidos y los dirige hacia el oído.,Estructura de piel y cartílago situada alrededor de la entrada auditiva.,Pabellón auricular cuya forma favorece la captación de ondas sonoras.,Diccionario de la lengua española,https://dle.rae.es/oreja
general-sostenible-orilla,orilla,,O,empieza,general,infantil|sostenible,1,"Borde de un río, un lago o el mar donde el agua toca la tierra.",Franja de tierra que limita con una masa o corriente de agua.,"Límite lateral de una superficie, especialmente de un curso acuático.",Margen que señala la transición entre el terreno firme y el medio acuático.,Diccionario de la lengua española,https://dle.rae.es/orilla
general-sostenible-oro,oro,,O,empieza,general,infantil|sostenible,1,"Metal amarillo, brillante y muy valioso con el que se hacen joyas.",Metal precioso que no se oxida fácilmente y puede moldearse.,Elemento químico de gran densidad empleado en joyería y tecnología.,"Metal noble de símbolo Au, apreciado por su escasez, maleabilidad y resistencia química.",Diccionario de la lengua española,https://dle.rae.es/oro
general-sostenible-oruga,oruga,,O,empieza,general,infantil|sostenible,1,Animalito alargado que después puede convertirse en mariposa.,"Larva de mariposa o polilla, con cuerpo blando y varias patas.",Fase juvenil de los lepidópteros que se alimenta antes de formar la crisálida.,Larva eruciforme cuyo desarrollo incluye metamorfosis completa hasta el estado adulto.,Diccionario de la lengua española,https://dle.rae.es/oruga
general-sostenible-oscuro,oscuro,,O,empieza,general,infantil|sostenible,1,Que tiene muy poca luz y cuesta ver.,Lugar o color en el que falta claridad o brillo.,Cualidad de aquello que absorbe mucha luz o permanece poco iluminado.,Dicho de un espacio o tonalidad con baja luminosidad o escasa reflexión visible.,Diccionario de la lengua española,https://dle.rae.es/oscuro
general-sostenible-ostra,ostra,,O,empieza,general,infantil|sostenible,1,Animal marino con concha dura que vive pegado a las rocas.,Molusco de dos valvas cuyo interior a veces produce perlas.,Bivalvo marino comestible que filtra alimento del agua.,Molusco lamelibranquio sedentario protegido por una concha irregular y áspera.,Diccionario de la lengua española,https://dle.rae.es/ostra
general-sostenible-ovalado,ovalado,,O,empieza,general,infantil|sostenible,1,Que tiene forma parecida a un huevo.,De contorno redondeado y más largo que ancho.,"Con forma de óvalo, sin esquinas y con extremos curvos.",Que presenta un perímetro semejante a una elipse alargada.,Diccionario de la lengua española,https://dle.rae.es/ovalado
general-sostenible-ovillo,ovillo,,O,empieza,general,infantil|sostenible,1,Hilo o lana enrollados formando una bola.,Conjunto de una hebra larga recogida en vueltas apretadas.,Madeja enrollada de forma aproximadamente esférica para guardarla o usarla.,"Cuerpo compacto formado al devanar hilo, lana u otro material flexible.",Diccionario de la lengua española,https://dle.rae.es/ovillo
general-sostenible-pagina,página,,P,empieza,general,infantil|sostenible,1,Cada una de las caras de una hoja de un libro o cuaderno.,"Espacio de un texto, impreso o digital, que se consulta como una unidad.",Cara numerada de una hoja o sección individual de un documento electrónico.,Unidad de organización editorial que distribuye contenido dentro de una publicación.,Diccionario de la lengua española,https://dle.rae.es/p%C3%A1gina
general-sostenible-pajaro,pájaro,,P,empieza,general,infantil|sostenible,1,"Ave pequeña que suele volar, cantar y hacer nidos.","Animal con plumas, pico y dos alas, especialmente si es de tamaño pequeño.",Nombre común aplicado con frecuencia a aves del grupo de los paseriformes.,"Ave, en particular la de hábitos voladores y dimensiones reducidas.",Diccionario de la lengua española,https://dle.rae.es/p%C3%A1jaro
general-sostenible-palmera,palmera,,P,empieza,general,infantil|sostenible,1,Árbol de tronco alto con grandes hojas abiertas en la punta.,Planta de clima cálido que puede producir cocos o dátiles.,Árbol monocotiledóneo de tronco sin ramas y hojas agrupadas en corona.,"Planta de la familia de las arecáceas, caracterizada por grandes hojas terminales.",Diccionario de la lengua española,https://dle.rae.es/palmera
general-sostenible-pan,pan,,P,empieza,general,infantil|sostenible,1,Alimento hecho con harina y agua que se cocina en el horno.,"Masa horneada, normalmente fermentada, que acompaña muchas comidas.","Producto alimenticio obtenido al cocer una mezcla de harina, agua y levadura.","Alimento básico elaborado mediante amasado, fermentación y cocción de cereales molidos.",Diccionario de la lengua española,https://dle.rae.es/pan
general-sostenible-panda,panda,,P,empieza,general,infantil|sostenible,1,Oso blanco y negro que come mucho bambú.,"Mamífero asiático de pelaje claro con patas, orejas y manchas negras.",Gran oso originario de China cuya dieta se basa principalmente en bambú.,"Úrsido de la especie Ailuropoda melanoleuca, adaptado al consumo de bambú.",Diccionario de la lengua española,https://dle.rae.es/panda
general-sostenible-papel,papel,,P,empieza,general,infantil|sostenible,1,"Hoja fina en la que se puede escribir, dibujar o envolver.",Material fabricado con fibras vegetales prensadas en láminas delgadas.,"Producto de celulosa usado como soporte de escritura, impresión o embalaje.",Lámina obtenida de una suspensión de fibras entrelazadas y posteriormente secadas.,Diccionario de la lengua española,https://dle.rae.es/papel
general-sostenible-parque,parque,,P,empieza,general,infantil|sostenible,1,Lugar con árboles y juegos donde se puede pasear y divertirse.,Espacio público al aire libre destinado al descanso y la recreación.,Terreno urbano o natural conservado para esparcimiento y contacto con la naturaleza.,"Área delimitada y acondicionada con fines recreativos, paisajísticos o de conservación.",Diccionario de la lengua española,https://dle.rae.es/parque
general-sostenible-pato,pato,,P,empieza,general,infantil|sostenible,1,Ave de pico ancho y patas palmeadas que nada en estanques.,"Ave acuática que camina, vuela y se desplaza fácilmente sobre el agua.","Anátida de cuerpo compacto, cuello corto y membranas entre los dedos.",Ave palmípeda adaptada a ambientes acuáticos y provista de pico aplanado.,Diccionario de la lengua española,https://dle.rae.es/pato
general-sostenible-payaso,payaso,,P,empieza,general,infantil|sostenible,1,"Artista que hace reír con bromas, gestos y ropa llamativa.",Persona que actúa en circos o espectáculos con un personaje cómico.,"Intérprete de comedia física, a menudo maquillado y vestido de forma exagerada.","Artista escénico especializado en provocar risa mediante pantomima, humor y torpeza fingida.",Diccionario de la lengua española,https://dle.rae.es/payaso
general-sostenible-pera,pera,,P,empieza,general,infantil|sostenible,1,Fruta dulce que suele ser ancha abajo y estrecha arriba.,"Fruto jugoso del peral, de piel fina y pulpa clara.",Fruta comestible con corazón de semillas y característica forma acampanada.,"Fruto del género Pyrus, carnoso y de textura variable según la variedad.",Diccionario de la lengua española,https://dle.rae.es/pera
general-sostenible-pez,pez,,P,empieza,general,infantil|sostenible,1,"Animal que vive en el agua, respira por branquias y tiene aletas.",Vertebrado acuático que normalmente nada moviendo la cola.,Animal de sangre fría adaptado a obtener oxígeno disuelto mediante branquias.,"Vertebrado acuático no tetrápodo, generalmente dotado de aletas y escamas.",Diccionario de la lengua española,https://dle.rae.es/pez
general-sostenible-piedra,piedra,,P,empieza,general,infantil|sostenible,1,Trozo duro de roca que se encuentra en el suelo.,"Pedazo de materia mineral sólida, más pequeño que una roca grande.",Fragmento compacto de origen mineral usado también para construir.,Porción de sustancia mineral dura separada naturalmente o por corte de una masa rocosa.,Diccionario de la lengua española,https://dle.rae.es/piedra
general-sostenible-pinguino,pingüino,,P,empieza,general,infantil|sostenible,1,"Ave que no vuela, nada muy bien y parece llevar traje negro y blanco.",Ave marina de zonas frías que camina erguida y usa sus alas como aletas.,Ave buceadora del hemisferio sur adaptada a perseguir alimento bajo el agua.,"Ave esfenisciforme no voladora, con cuerpo hidrodinámico y extremidades transformadas en aletas.",Diccionario de la lengua española,https://dle.rae.es/ping%C3%BCino
general-sostenible-pirata,pirata,,P,empieza,general,infantil|sostenible,1,Persona que atacaba barcos para robar sus tesoros.,Navegante que asalta embarcaciones sin permiso de ningún gobierno.,Individuo dedicado al saqueo y la violencia en el mar.,Persona que practica piratería marítima al margen de la autoridad legal.,Diccionario de la lengua española,https://dle.rae.es/pirata
general-sostenible-pizza,pizza,,P,empieza,general,infantil|sostenible,1,"Comida redonda de masa horneada con salsa, queso y otros ingredientes.",Plato de origen italiano preparado sobre una base plana de masa.,Masa de pan cubierta con alimentos variados y cocida a alta temperatura.,"Especialidad gastronómica italiana consistente en una base fermentada, cubierta y horneada.",Diccionario de la lengua española,https://dle.rae.es/pizza
general-sostenible-playa,playa,,P,empieza,general,infantil|sostenible,1,Zona de arena o piedras junto al mar donde se puede jugar y bañarse.,"Orilla llana de un mar, río o lago formada por materiales sueltos.",Franja costera donde se acumulan sedimentos por acción del agua y el viento.,"Depósito litoral de arena, grava o cantos modelado continuamente por oleaje y corrientes.",Diccionario de la lengua española,https://dle.rae.es/playa
general-sostenible-pluma,pluma,,P,empieza,general,infantil|sostenible,1,Cada pieza suave y ligera que cubre el cuerpo de las aves.,"Estructura de las aves que protege, da calor y ayuda a volar.",Formación de queratina compuesta por un eje y numerosas ramificaciones.,"Estructura epidérmica exclusiva de las aves, especializada en aislamiento y vuelo.",Diccionario de la lengua española,https://dle.rae.es/pluma
general-sostenible-pozo,pozo,,P,empieza,general,infantil|sostenible,1,Agujero profundo hecho en la tierra para sacar agua.,Excavación vertical que permite alcanzar depósitos subterráneos.,Obra estrecha y profunda destinada a extraer agua u otros recursos del subsuelo.,Perforación vertical practicada para acceder a un acuífero o yacimiento subterráneo.,Diccionario de la lengua española,https://dle.rae.es/pozo
general-sostenible-puerta,puerta,,P,empieza,general,infantil|sostenible,1,Parte que se abre y se cierra para entrar o salir de un lugar.,Pieza colocada en una abertura para permitir o impedir el paso.,Elemento móvil que comunica dos espacios y puede cerrar un acceso.,"Cerramiento articulado, corredizo o giratorio instalado en un vano de entrada.",Diccionario de la lengua española,https://dle.rae.es/puerta
general-sostenible-pulpo,pulpo,,P,empieza,general,infantil|sostenible,1,Animal marino de cuerpo blando y ocho brazos.,"Molusco que vive en el mar, lanza tinta y usa ventosas para sujetarse.","Cefalópodo sin concha externa, con ocho extremidades alrededor de la boca.","Molusco octópodo de gran inteligencia, provisto de brazos prensiles con ventosas.",Diccionario de la lengua española,https://dle.rae.es/pulpo
general-sostenible-quedar,quedar,,Q,empieza,general,infantil|sostenible,1,Permanecer en un lugar o acordar encontrarse con alguien.,"Seguir en el mismo estado, sitio o cantidad después de un cambio.","Verbo que expresa permanencia, resultado o concierto de una cita.","Mantenerse, subsistir o resultar tras una acción o circunstancia.",Diccionario de la lengua española,https://dle.rae.es/quedar
general-sostenible-quehacer,quehacer,,Q,empieza,general,infantil|sostenible,1,Tarea o trabajo que una persona tiene que realizar.,"Ocupación que requiere tiempo, atención y esfuerzo.",Actividad pendiente o habitual que forma parte de las obligaciones diarias.,Labor u ocupación concreta que constituye el objeto de la actividad de alguien.,Diccionario de la lengua española,https://dle.rae.es/quehacer
general-sostenible-quejido,quejido,,Q,empieza,general,infantil|sostenible,1,Sonido de dolor o tristeza que alguien hace sin hablar claramente.,Voz breve y lastimera que expresa sufrimiento o molestia.,Gemido producido como reacción espontánea ante una pena física o emocional.,Emisión vocal inarticulada mediante la cual se manifiesta dolor o aflicción.,Diccionario de la lengua española,https://dle.rae.es/quejido
general-sostenible-quemar,quemar,,Q,empieza,general,infantil|sostenible,1,Hacer daño o consumir algo con fuego o mucho calor.,"Destruir, calentar demasiado o herir mediante una llama.",Provocar combustión o una lesión por exposición intensa al calor.,Someter una materia a combustión o alterar un tejido por acción térmica o química.,Diccionario de la lengua española,https://dle.rae.es/quemar
general-sostenible-quemazon,quemazón,,Q,empieza,general,infantil|sostenible,1,Dolor parecido al que produce algo muy caliente.,Sensación fuerte de ardor en una parte del cuerpo.,Molestia caracterizada por calor intenso o escozor persistente.,"Sensación urente causada por irritación, lesión o elevada temperatura.",Diccionario de la lengua española,https://dle.rae.es/quemaz%C3%B3n
general-sostenible-querer,querer,,Q,empieza,general,infantil|sostenible,1,Sentir cariño por alguien o desear que algo ocurra.,"Tener afecto, voluntad o intención de conseguir algo.",Verbo que expresa amor hacia una persona o deseo dirigido a un objetivo.,Manifestar inclinación afectiva o voluntad consciente respecto de alguien o algo.,Diccionario de la lengua española,https://dle.rae.es/querer
general-sostenible-querido,querido,,Q,empieza,general,infantil|sostenible,1,Que recibe mucho cariño y es importante para alguien.,Amado o apreciado por sus cualidades y por la relación compartida.,Persona u objeto hacia el que se siente un afecto especial.,Digno de estimación y unido a alguien por un vínculo afectivo.,Diccionario de la lengua española,https://dle.rae.es/querido
general-sostenible-quesera,quesera,,Q,empieza,general,infantil|sostenible,1,Recipiente que sirve para guardar o presentar queso.,Caja o campana que protege el queso en la mesa o la cocina.,Utensilio diseñado para conservar este alimento separado y cubierto.,Recipiente doméstico destinado a preservar y servir productos de queso.,Diccionario de la lengua española,https://dle.rae.es/quesera
general-sostenible-queseria,quesería,,Q,empieza,general,infantil|sostenible,1,Lugar donde se hacen o se venden quesos.,"Establecimiento dedicado a producir, madurar o comerciar queso.",Taller o tienda especializada en productos elaborados con leche cuajada.,Instalación artesanal o industrial en la que se fabrican y afinan quesos.,Diccionario de la lengua española,https://dle.rae.es/queser%C3%ADa
general-sostenible-quesillo,quesillo,,Q,empieza,general,infantil|sostenible,1,"Queso pequeño y tierno, de sabor generalmente suave.",Tipo de queso fresco que conserva bastante humedad.,Producto lácteo blando obtenido al cuajar y escurrir leche.,"Variedad regional de queso fresco, de pasta húmeda y escasa maduración.",Diccionario de la lengua española,https://dle.rae.es/quesillo
general-sostenible-quieto,quieto,,Q,empieza,general,infantil|sostenible,1,Que no se mueve ni cambia de lugar.,"Inmóvil, tranquilo o sin hacer movimientos bruscos.",Que permanece en reposo respecto de aquello que lo rodea.,Carente de movimiento aparente o mantenido en una posición estable.,Diccionario de la lengua española,https://dle.rae.es/quieto
general-sostenible-quietud,quietud,,Q,empieza,general,infantil|sostenible,1,Estado de estar tranquilo y sin moverse.,"Ausencia de ruido, agitación o actividad intensa.",Condición de reposo y calma en un lugar o una persona.,"Estado caracterizado por falta de movimiento, perturbación o inquietud.",Diccionario de la lengua española,https://dle.rae.es/quietud
general-sostenible-quijada,quijada,,Q,empieza,general,infantil|sostenible,1,Hueso de la cara que se mueve para masticar.,Parte inferior o lateral de la boca donde están sujetos los dientes.,"Cada una de las estructuras óseas que permiten abrir, cerrar y mover la boca.",Hueso mandibular o maxilar que sostiene la dentición y participa en la masticación.,Diccionario de la lengua española,https://dle.rae.es/quijada
general-sostenible-quimono,quimono,,Q,empieza,general,infantil|sostenible,1,"Ropa tradicional japonesa, larga y con mangas anchas.",Vestido que se cruza por delante y se ajusta con una faja.,Prenda japonesa de corte recto cuyos lados se envuelven alrededor del cuerpo.,"Túnica tradicional de Japón, de mangas amplias y sujeta mediante un obi.",Diccionario de la lengua española,https://dle.rae.es/quimono
general-sostenible-quince,quince,,Q,empieza,general,infantil|sostenible,1,Número que viene después del catorce y antes del dieciséis.,Cantidad formada por diez unidades más cinco.,Número natural inmediatamente posterior al catorce.,"Entero impar compuesto, divisible entre tres y cinco.",Diccionario de la lengua española,https://dle.rae.es/quince
general-sostenible-quiniela,quiniela,,Q,empieza,general,infantil|sostenible,1,Juego en el que se intentan adivinar resultados deportivos.,Apuesta basada en pronosticar quién ganará o empatará varios partidos.,Formulario o sistema de apuestas que reúne predicciones sobre una competición.,Modalidad de apuesta mutua cuyo premio depende del acierto de una serie de resultados.,Diccionario de la lengua española,https://dle.rae.es/quiniela
general-sostenible-quinoa,quinoa,,Q,empieza,general,infantil|sostenible,1,Semilla pequeña que se cocina como un cereal.,"Alimento andino rico en nutrientes, procedente de una planta de hojas anchas.",Semilla comestible de un pseudocereal originario de los Andes.,"Grano de Chenopodium quinoa, valorado por su contenido proteico y ausencia de gluten.",Diccionario de la lengua española,https://dle.rae.es/quinoa
general-sostenible-quintal,quintal,,Q,empieza,general,infantil|sostenible,1,Medida antigua usada para pesar cantidades muy grandes.,Unidad de masa que en el sistema métrico equivale a cien kilogramos.,Medida de peso cuyo valor ha variado según la época y el lugar.,Unidad histórica de masa; el quintal métrico corresponde a 100 kg.,Diccionario de la lengua española,https://dle.rae.es/quintal
general-sostenible-quinto,quinto,,Q,empieza,general,infantil|sostenible,1,Que ocupa el lugar número cinco en una fila.,Ordinal que viene después del cuarto y antes del sexto.,Cada una de las cinco partes iguales en que se divide un todo.,Número ordinal correspondiente al cardinal cinco; también fracción equivalente a una quinta parte.,Diccionario de la lengua española,https://dle.rae.es/quinto
general-sostenible-quirofano,quirófano,,Q,empieza,general,infantil|sostenible,1,Sala del hospital donde los médicos hacen operaciones.,Habitación preparada con gran limpieza y equipos para realizar cirugías.,Espacio hospitalario de acceso controlado destinado a intervenciones operatorias.,"Recinto clínico acondicionado con condiciones estériles, anestesia e instrumental quirúrgico.",Diccionario de la lengua española,https://dle.rae.es/quir%C3%B3fano
general-sostenible-rama,rama,,R,empieza,general,infantil|sostenible,1,Parte de un árbol que crece desde el tronco y sostiene hojas.,Cada brazo leñoso en que se divide el tallo principal de una planta.,Prolongación del tronco que transporta agua y nutrientes hacia hojas y frutos.,Eje secundario de una planta vascular originado por ramificación del tallo.,Diccionario de la lengua española,https://dle.rae.es/rama
general-sostenible-raton,ratón,,R,empieza,general,infantil|sostenible,1,"Animal pequeño con bigotes, cola larga y dientes que roen.",Roedor de cuerpo pequeño que suele vivir cerca de campos o casas.,"Mamífero de incisivos crecientes, hocico puntiagudo y gran capacidad reproductiva.","Pequeño roedor múrido, ágil y omnívoro, adaptado a numerosos ambientes.",Diccionario de la lengua española,https://dle.rae.es/rat%C3%B3n
general-sostenible-rayo,rayo,,R,empieza,general,infantil|sostenible,1,Destello enorme de electricidad que aparece durante una tormenta.,Descarga eléctrica entre nubes o entre una nube y el suelo.,Fenómeno atmosférico que produce un relámpago y suele ir acompañado de trueno.,Descarga electrostática de gran intensidad generada por diferencias de potencial en la atmósfera.,Diccionario de la lengua española,https://dle.rae.es/rayo
general-sostenible-regalo,regalo,,R,empieza,general,infantil|sostenible,1,"Objeto que se da a alguien para hacerlo feliz, sin pedir pago.","Presente ofrecido como muestra de cariño, celebración o agradecimiento.",Bien que una persona entrega voluntariamente a otra sin recibir un precio.,Dádiva concedida por liberalidad para expresar afecto o reconocer una ocasión.,Diccionario de la lengua española,https://dle.rae.es/regalo
general-sostenible-regla,regla,,R,empieza,general,infantil|sostenible,1,Tira recta con marcas que sirve para medir y dibujar líneas.,Norma que indica cómo debe hacerse algo o qué conducta seguir.,Instrumento graduado para medir longitudes; también principio que ordena una actividad.,Precepto de cumplimiento establecido o utensilio lineal empleado en medición y trazado.,Diccionario de la lengua española,https://dle.rae.es/regla
general-sostenible-reina,reina,,R,empieza,general,infantil|sostenible,1,Mujer que gobierna un reino o está casada con un rey.,Soberana que ocupa la corona de una monarquía.,Título de la máxima autoridad femenina de un reino.,"Monarca de sexo femenino, ya sea por derecho propio o por vínculo con el rey.",Diccionario de la lengua española,https://dle.rae.es/reina
general-sostenible-remera,remera,,R,empieza,general,infantil|sostenible,1,Camiseta sencilla de manga corta o larga que cubre el torso.,Prenda ligera de punto que se pone por la cabeza.,Nombre usado en varios países para una camiseta sin botones delanteros.,"Prenda superior informal, generalmente de algodón, equivalente regional de camiseta.",Diccionario de la lengua española,https://dle.rae.es/remera
general-sostenible-rio,río,,R,empieza,general,infantil|sostenible,1,"Corriente de agua que avanza por un cauce hasta otro río, lago o mar.",Curso natural de agua que fluye de manera continua por el terreno.,"Masa de agua corriente alimentada por lluvias, manantiales o deshielo.",Corriente continental organizada en un cauce y perteneciente a una cuenca hidrográfica.,Diccionario de la lengua española,https://dle.rae.es/r%C3%ADo
general-sostenible-roble,roble,,R,empieza,general,infantil|sostenible,1,Árbol grande y fuerte que produce bellotas.,"Árbol de madera dura, hojas lobuladas y vida muy larga.",Nombre de varias especies del género Quercus apreciadas por su madera.,Árbol fagáceo de hoja caduca o perenne cuyo fruto es una bellota.,Diccionario de la lengua española,https://dle.rae.es/roble
general-sostenible-roca,roca,,R,empieza,general,infantil|sostenible,1,Masa dura de piedra que forma parte del suelo o una montaña.,Material natural sólido compuesto por uno o varios minerales.,Agregado mineral que constituye gran parte de la corteza terrestre.,"Cuerpo geológico coherente originado por procesos ígneos, sedimentarios o metamórficos.",Diccionario de la lengua española,https://dle.rae.es/roca
general-sostenible-rompecabezas,rompecabezas,,R,empieza,general,infantil|sostenible,1,Juego de piezas que deben unirse para formar una imagen.,Problema o pasatiempo que se resuelve usando paciencia e ingenio.,Conjunto fragmentado cuya solución exige hallar la posición o relación correcta de cada parte.,Acertijo manipulativo o intelectual diseñado para ejercitar razonamiento y percepción espacial.,Diccionario de la lengua española,https://dle.rae.es/rompecabezas
general-sostenible-rosa,rosa,,R,empieza,general,infantil|sostenible,1,"Flor de muchos pétalos, conocida por su belleza y su aroma.","Flor del rosal, a menudo protegida por espinas en el tallo.",Flor ornamental que existe en numerosos colores y variedades cultivadas.,"Flor de plantas del género Rosa, caracterizada por corola vistosa y frecuente fragancia.",Diccionario de la lengua española,https://dle.rae.es/rosa
general-sostenible-rosario,rosario,,R,empieza,general,infantil|sostenible,1,Serie de cuentas ensartadas que algunas personas usan para contar oraciones.,Objeto religioso formado por bolitas separadas que guían una secuencia de rezos.,Sarta de cuentas asociada a una devoción tradicional católica.,Instrumento de oración compuesto por cuentas que representan fórmulas devocionales sucesivas.,Diccionario de la lengua española,https://dle.rae.es/rosario
general-sostenible-rotonda,rotonda,,R,empieza,general,infantil|sostenible,1,Cruce redondo donde los vehículos giran alrededor de una isla central.,Intersección que organiza el tránsito en un único sentido circular.,Plaza vial circular a la que llegan varias calles o carreteras.,Glorieta diseñada para canalizar flujos vehiculares alrededor de un islote central.,Diccionario de la lengua española,https://dle.rae.es/rotonda
general-sostenible-rubi,rubí,,R,empieza,general,infantil|sostenible,1,Piedra preciosa roja y brillante usada en joyas.,Gema muy dura cuyo color rojo se debe a pequeñas cantidades de cromo.,Variedad roja y transparente del mineral llamado corindón.,"Corindón gemológico de tonalidad roja, valorado por dureza, transparencia y saturación.",Diccionario de la lengua española,https://dle.rae.es/rub%C3%AD
general-sostenible-rugido,rugido,,R,empieza,general,infantil|sostenible,1,Voz fuerte y profunda que hacen animales como el león.,Sonido grave y potente producido por una fiera.,"Bramido característico de ciertos grandes mamíferos, usado para comunicarse o intimidar.",Vocalización intensa y de baja frecuencia emitida por algunos animales territoriales.,Diccionario de la lengua española,https://dle.rae.es/rugido
general-sostenible-ruina,ruina,,R,empieza,general,infantil|sostenible,1,Restos de un edificio que se cayó o fue destruido.,Destrucción grave de algo que antes estaba entero o funcionaba.,Conjunto de partes conservadas de una construcción antigua deteriorada.,"Vestigio arquitectónico resultante del abandono, desgaste o colapso de una estructura.",Diccionario de la lengua española,https://dle.rae.es/ruina
general-sostenible-rumor,rumor,,R,empieza,general,infantil|sostenible,1,Historia que pasa de persona en persona sin saber si es verdad.,Información no confirmada que circula entre la gente.,Noticia difundida informalmente sin pruebas suficientes que la respalden.,Afirmación de origen incierto cuya propagación social precede a su verificación.,Diccionario de la lengua española,https://dle.rae.es/rumor
general-sostenible-ruta,ruta,,R,empieza,general,infantil|sostenible,1,Camino que se sigue para llegar de un lugar a otro.,Recorrido planeado que une un punto de salida con un destino.,"Itinerario establecido para viajar, transportar o visitar varios sitios.","Trazado terrestre, marítimo o aéreo definido por una sucesión de puntos de paso.",Diccionario de la lengua española,https://dle.rae.es/ruta
general-sostenible-rulo,rulo,,R,empieza,general,infantil|sostenible,1,Mechón de cabello que forma una vuelta o espiral.,Rizo del pelo; también cilindro usado para darle esa forma.,Curvatura helicoidal del cabello o pieza alrededor de la cual se enrolla.,"Bucle capilar y, por extensión, rodillo empleado para modelarlo temporalmente.",Diccionario de la lengua española,https://dle.rae.es/rulo
