answer,letter,relation,categories,sourceUrl
alma,A,empieza,glosario-biblico,https://www.jw.org/es/biblioteca/libros/glosario-biblia/alma/
altar,A,empieza,glosario-biblico,https://www.jw.org/es/biblioteca/libros/glosario-biblia/altar/
amén,A,empieza,glosario-biblico,https://www.jw.org/es/biblioteca/libros/glosario-biblia/amen/
ángel,A,empieza,glosario-biblico,https://www.jw.org/es/biblioteca/libros/glosario-biblia/angel/
apostasía,A,empieza,glosario-biblico,https://www.jw.org/es/biblioteca/libros/glosario-biblia/apostasia/
apóstol,A,empieza,glosario-biblico,https://www.jw.org/es/biblioteca/libros/glosario-biblia/apostol/
arca del pacto,A,empieza,glosario-biblico,https://www.jw.org/es/biblioteca/libros/glosario-biblia/arca-del-pacto/
Armagedón,A,empieza,glosario-biblico,https://www.jw.org/es/biblioteca/libros/glosario-biblia/armagedon/
Baal,B,empieza,glosario-biblico,https://www.jw.org/es/biblioteca/libros/glosario-biblia/baal/
bautismo,B,empieza,glosario-biblico,https://www.jw.org/es/biblioteca/libros/glosario-biblia/bautismo-bautizar/
Belcebú,B,empieza,glosario-biblico,https://www.jw.org/es/biblioteca/libros/glosario-biblia/belcebu/
blasfemia,B,empieza,glosario-biblico,https://www.jw.org/es/biblioteca/libros/glosario-biblia/blasfemia/
bondad inmerecida,B,empieza,glosario-biblico,https://www.jw.org/es/biblioteca/libros/glosario-biblia/bondad-inmerecida/
botín,B,empieza,glosario-biblico,https://www.jw.org/es/biblioteca/libros/glosario-biblia/botin/
braza,B,empieza,glosario-biblico,https://www.jw.org/es/biblioteca/libros/glosario-biblia/braza/
buenas noticias,B,empieza,glosario-biblico,https://www.jw.org/es/biblioteca/libros/glosario-biblia/buenas-noticias/
camino,C,empieza,glosario-biblico,https://www.jw.org/es/biblioteca/libros/glosario-biblia/camino/
Canaán,C,empieza,glosario-biblico,https://www.jw.org/es/biblioteca/libros/glosario-biblia/canaan/
Cena del Señor,C,empieza,glosario-biblico,https://www.jw.org/es/biblioteca/libros/glosario-biblia/cena-del-senor/
circuncisión,C,empieza,glosario-biblico,https://www.jw.org/es/biblioteca/libros/glosario-biblia/circuncision/
congregación,C,empieza,glosario-biblico,https://www.jw.org/es/biblioteca/libros/glosario-biblia/congregacion/
cristiano,C,empieza,glosario-biblico,https://www.jw.org/es/biblioteca/libros/glosario-biblia/cristiano/
Cristo,C,empieza,glosario-biblico,https://www.jw.org/es/biblioteca/libros/glosario-biblia/cristo/
cubierta propiciatoria,C,empieza,glosario-biblico,https://www.jw.org/es/biblioteca/libros/glosario-biblia/cubierta-propiciatoria/
demonio,D,empieza,glosario-biblico,https://www.jw.org/es/biblioteca/libros/glosario-biblia/demonio/
denario,D,empieza,glosario-biblico,https://www.jw.org/es/biblioteca/libros/glosario-biblia/denario/
desierto,D,empieza,glosario-biblico,https://www.jw.org/es/biblioteca/libros/glosario-biblia/desierto/
destierro,D,empieza,glosario-biblico,https://www.jw.org/es/biblioteca/libros/glosario-biblia/destierro/
Día de Expiación,D,empieza,glosario-biblico,https://www.jw.org/es/biblioteca/libros/glosario-biblia/dia-de-expiacion/
Diablo,D,empieza,glosario-biblico,https://www.jw.org/es/biblioteca/libros/glosario-biblia/diablo/
diezmo,D,empieza,glosario-biblico,https://www.jw.org/es/biblioteca/libros/glosario-biblia/diezmo/
discípulo,D,empieza,glosario-biblico,https://www.jw.org/es/biblioteca/libros/glosario-biblia/discipulo/
echar suertes,E,empieza,glosario-biblico,https://www.jw.org/es/biblioteca/libros/glosario-biblia/echar-suertes/
Edom,E,empieza,glosario-biblico,https://www.jw.org/es/biblioteca/libros/glosario-biblia/edom/
efod,E,empieza,glosario-biblico,https://www.jw.org/es/biblioteca/libros/glosario-biblia/efod/
escriba,E,empieza,glosario-biblico,https://www.jw.org/es/biblioteca/libros/glosario-biblia/escriba/
Escrituras,E,empieza,glosario-biblico,https://www.jw.org/es/biblioteca/libros/glosario-biblia/escritura/
espiritismo,E,empieza,glosario-biblico,https://www.jw.org/es/biblioteca/libros/glosario-biblia/espiritismo/
espíritu santo,E,empieza,glosario-biblico,https://www.jw.org/es/biblioteca/libros/glosario-biblia/espiritu-santo/
expiación,E,empieza,glosario-biblico,https://www.jw.org/es/biblioteca/libros/glosario-biblia/expiacion/
